QB,team,dropbacks,grade,raw EPA/db (actual),adj EPA/db (shrunk),success rate (shrunk),INT-worthy rate (shrunk),total sack rate (shrunk),CPOE (context only),QB-fault sack rate (context only),INTs,not-fault INTs,dropped INTs
B.Purdy,SF,122,100,0.566,0.274,0.521,0.029,0.043,4.524,0.0,1,0,2
L.Jackson,BAL,111,97,0.375,0.198,0.501,0.029,0.061,8.095,0.0,1,0,2
J.Goff,DET,174,94,0.272,0.175,0.483,0.025,0.055,1.494,0.023,0,0,2
D.Prescott,DAL,167,90,0.288,0.167,0.476,0.028,0.052,5.404,0.024,1,0,3
B.Young,CAR,175,87,0.254,0.174,0.461,0.023,0.059,5.669,0.0,2,1,0
T.Lawrence,JAX,113,84,0.285,0.172,0.481,0.029,0.063,9.483,0.0,2,1,2
P.Mahomes,KC,142,81,0.213,0.152,0.473,0.028,0.054,0.804,0.0,2,1,2
J.Burrow,CIN,171,78,0.12,0.127,0.468,0.026,0.057,5.564,0.012,3,0,0
K.Cousins,LV,149,74,0.173,0.143,0.475,0.03,0.051,1.587,0.013,4,0,1
J.Allen,BUF,136,71,0.337,0.193,0.454,0.031,0.062,6.021,0.022,3,0,2
C.Williams,CHI,70,68,0.381,0.176,0.466,0.028,0.062,6.18,0.0,1,0,0
J.Daniels,WAS,61,65,0.198,0.122,0.455,0.026,0.053,-0.978,0.0,0,0,0
S.Darnold,SEA,75,62,-0.009,0.104,0.472,0.029,0.058,2.869,0.04,3,1,0
C.Stroud,HOU,166,58,0.091,0.086,0.466,0.024,0.064,0.674,0.0,0,0,1
T.Shough,NO,197,55,0.045,0.082,0.465,0.027,0.06,3.23,0.01,3,0,1
J.Brissett,ARI,162,52,-0.027,0.058,0.46,0.028,0.054,2.303,0.012,4,1,1
D.Watson,CLE,139,49,0.174,0.124,0.474,0.029,0.065,1.299,0.043,2,0,2
G.Smith,NYJ,136,46,0.14,0.099,0.463,0.026,0.068,7.884,0.0,0,0,2
M.Stafford,LA,169,43,0.087,0.09,0.463,0.036,0.051,-0.084,0.0,6,0,4
C.Ward,TEN,135,39,-0.089,0.028,0.447,0.028,0.055,2.866,0.022,2,1,2
D.Maye,NE,141,36,0.043,0.092,0.474,0.036,0.063,2.251,0.007,7,1,2
B.Nix,DEN,143,33,-0.03,0.026,0.442,0.033,0.052,-3.062,0.007,3,0,4
J.Love,GB,162,30,0.028,0.065,0.436,0.031,0.056,-7.038,0.019,3,0,3
A.Rodgers,PIT,167,27,-0.102,0.011,0.446,0.026,0.066,-3.516,0.036,4,3,2
K.Murray,MIN,84,23,-0.158,0.035,0.414,0.027,0.064,2.781,0.012,2,1,0
J.Hurts,PHI,137,20,-0.03,0.049,0.429,0.029,0.068,0.952,0.051,3,1,2
D.Jones,IND,144,17,-0.166,-0.019,0.435,0.032,0.058,-1.667,0.007,4,0,2
M.Willis,MIA,127,14,-0.084,0.019,0.424,0.028,0.067,-8.756,0.031,2,1,2
J.Winston,NYG,88,11,-0.186,0.011,0.422,0.031,0.069,-9.684,0.068,3,0,1
B.Mayfield,TB,118,7,-0.235,-0.024,0.43,0.027,0.073,0.318,0.042,2,0,0
J.Herbert,LAC,144,4,-0.149,-0.005,0.426,0.037,0.067,-4.145,0.028,6,1,4
